channel_id,snapshot_date,subscriber_count,view_count,video_count
UCUEOHBht8pnQhQvCfIcl-gg,2026-06-07,2180,187955,195
UCUEOHBht8pnQhQvCfIcl-gg,2026-06-06,2180,187906,195
UCUEOHBht8pnQhQvCfIcl-gg,2026-06-05,2180,187742,195
UCUEOHBht8pnQhQvCfIcl-gg,2026-06-04,2180,187628,195
UCUEOHBht8pnQhQvCfIcl-gg,2026-06-03,2180,187548,195
UCUEOHBht8pnQhQvCfIcl-gg,2026-06-02,2180,187383,195
UCUEOHBht8pnQhQvCfIcl-gg,2026-06-01,2180,187345,195
UCUEOHBht8pnQhQvCfIcl-gg,2026-05-31,2180,187258,195
UCUEOHBht8pnQhQvCfIcl-gg,2026-05-30,2180,187161,195
UCUEOHBht8pnQhQvCfIcl-gg,2026-05-29,2180,187095,195
UCUEOHBht8pnQhQvCfIcl-gg,2026-05-28,2180,186906,195
UCUEOHBht8pnQhQvCfIcl-gg,2026-05-27,2180,186832,195
UCUEOHBht8pnQhQvCfIcl-gg,2026-05-26,2180,186666,195
UCUEOHBht8pnQhQvCfIcl-gg,2026-05-25,2180,186616,195
UCUEOHBht8pnQhQvCfIcl-gg,2026-05-24,2180,186538,195
UCUEOHBht8pnQhQvCfIcl-gg,2026-05-23,2180,186453,195
UCUEOHBht8pnQhQvCfIcl-gg,2026-05-22,2180,186312,195
UCUEOHBht8pnQhQvCfIcl-gg,2026-05-21,2180,186143,195
UCUEOHBht8pnQhQvCfIcl-gg,2026-05-20,2180,185957,195
UCUEOHBht8pnQhQvCfIcl-gg,2026-05-19,2180,185867,195
UCUEOHBht8pnQhQvCfIcl-gg,2026-05-18,2180,185687,195
UCUEOHBht8pnQhQvCfIcl-gg,2026-05-17,2180,185636,195
UCUEOHBht8pnQhQvCfIcl-gg,2026-05-16,2180,185464,195
UCUEOHBht8pnQhQvCfIcl-gg,2026-05-15,2170,185325,195
UCUEOHBht8pnQhQvCfIcl-gg,2026-05-14,2170,185099,195
UCUEOHBht8pnQhQvCfIcl-gg,2026-05-13,2170,184960,195
UCUEOHBht8pnQhQvCfIcl-gg,2026-05-12,2170,184856,195
UCUEOHBht8pnQhQvCfIcl-gg,2026-05-11,2170,184698,195
UCUEOHBht8pnQhQvCfIcl-gg,2026-05-10,2170,184637,195
UCUEOHBht8pnQhQvCfIcl-gg,2026-05-09,2170,184552,195
UCUEOHBht8pnQhQvCfIcl-gg,2026-05-08,2170,184331,195
UCUEOHBht8pnQhQvCfIcl-gg,2026-05-07,2170,184165,195
UCUEOHBht8pnQhQvCfIcl-gg,2026-05-06,2170,183864,195
UCUEOHBht8pnQhQvCfIcl-gg,2026-05-05,2170,183696,195
UCUEOHBht8pnQhQvCfIcl-gg,2026-05-04,2170,183608,195
UCUEOHBht8pnQhQvCfIcl-gg,2026-05-03,2170,183418,195
UCUEOHBht8pnQhQvCfIcl-gg,2026-05-02,2170,183291,195
UCUEOHBht8pnQhQvCfIcl-gg,2026-05-01,2170,183166,195
UCUEOHBht8pnQhQvCfIcl-gg,2026-04-30,2170,183034,195
UCUEOHBht8pnQhQvCfIcl-gg,2026-04-29,2160,182810,195
UCUEOHBht8pnQhQvCfIcl-gg,2026-04-28,2160,182560,195
UCUEOHBht8pnQhQvCfIcl-gg,2026-04-27,2160,182517,195
UCUEOHBht8pnQhQvCfIcl-gg,2026-04-26,2160,182398,195
UCUEOHBht8pnQhQvCfIcl-gg,2026-04-25,2160,182347,195
UCUEOHBht8pnQhQvCfIcl-gg,2026-04-24,2160,181891,195
UCUEOHBht8pnQhQvCfIcl-gg,2026-04-23,2160,181891,195
UCUEOHBht8pnQhQvCfIcl-gg,2026-04-22,2150,181675,195
UCUEOHBht8pnQhQvCfIcl-gg,2026-04-21,2150,181483,195
UCUEOHBht8pnQhQvCfIcl-gg,2026-04-20,2150,181321,195
UCUEOHBht8pnQhQvCfIcl-gg,2026-04-19,2150,181197,195
UCUEOHBht8pnQhQvCfIcl-gg,2026-04-18,2150,180999,195
UCUEOHBht8pnQhQvCfIcl-gg,2026-04-17,2140,180758,195
UCUEOHBht8pnQhQvCfIcl-gg,2026-04-16,2140,180585,195
UCUEOHBht8pnQhQvCfIcl-gg,2026-04-15,2140,180286,195
UCUEOHBht8pnQhQvCfIcl-gg,2026-04-14,2140,180152,195
UCUEOHBht8pnQhQvCfIcl-gg,2026-04-13,2140,180005,195
UCUEOHBht8pnQhQvCfIcl-gg,2026-04-12,2140,179894,195
UCUEOHBht8pnQhQvCfIcl-gg,2026-04-11,2140,179675,195
UCUEOHBht8pnQhQvCfIcl-gg,2026-04-10,2140,179578,195
UCUEOHBht8pnQhQvCfIcl-gg,2026-04-09,2130,179415,195
UCUEOHBht8pnQhQvCfIcl-gg,2026-04-08,2130,179107,195
UCUEOHBht8pnQhQvCfIcl-gg,2026-04-07,2130,178971,195
UCUEOHBht8pnQhQvCfIcl-gg,2026-04-06,2130,178756,195
UCUEOHBht8pnQhQvCfIcl-gg,2026-04-05,2130,178633,195
UCUEOHBht8pnQhQvCfIcl-gg,2026-04-04,2130,178526,195
UCUEOHBht8pnQhQvCfIcl-gg,2026-04-03,2130,178439,195
UCUEOHBht8pnQhQvCfIcl-gg,2026-04-02,2130,178312,195
UCUEOHBht8pnQhQvCfIcl-gg,2026-04-01,2120,178154,195
UCUEOHBht8pnQhQvCfIcl-gg,2026-03-31,2120,177831,195
UCUEOHBht8pnQhQvCfIcl-gg,2026-03-30,2120,177772,195
UCUEOHBht8pnQhQvCfIcl-gg,2026-03-29,2120,177677,195
UCUEOHBht8pnQhQvCfIcl-gg,2026-03-28,2120,177495,195
UCUEOHBht8pnQhQvCfIcl-gg,2026-03-27,2120,177352,195
UCUEOHBht8pnQhQvCfIcl-gg,2026-03-26,2120,177025,195
UCUEOHBht8pnQhQvCfIcl-gg,2026-03-25,2110,176871,195
UCUEOHBht8pnQhQvCfIcl-gg,2026-03-24,2110,176678,195
UCUEOHBht8pnQhQvCfIcl-gg,2026-03-23,2110,176466,195
UCUEOHBht8pnQhQvCfIcl-gg,2026-03-22,2100,176389,195
UCUEOHBht8pnQhQvCfIcl-gg,2026-03-21,2100,176227,195
UCUEOHBht8pnQhQvCfIcl-gg,2026-03-20,2100,176008,195
UCUEOHBht8pnQhQvCfIcl-gg,2026-03-19,2100,175783,195
UCUEOHBht8pnQhQvCfIcl-gg,2026-03-18,2100,175612,195
UCUEOHBht8pnQhQvCfIcl-gg,2026-03-17,2100,175327,195
UCUEOHBht8pnQhQvCfIcl-gg,2026-03-16,2090,175296,195
UCUEOHBht8pnQhQvCfIcl-gg,2026-03-15,2090,175174,195
UCUEOHBht8pnQhQvCfIcl-gg,2026-03-14,2090,174970,195
UCUEOHBht8pnQhQvCfIcl-gg,2026-03-13,2090,174900,195
UCUEOHBht8pnQhQvCfIcl-gg,2026-03-12,2090,174607,195
UCUEOHBht8pnQhQvCfIcl-gg,2026-03-11,2090,174505,195
UCUEOHBht8pnQhQvCfIcl-gg,2026-03-10,2090,174175,195
UCUEOHBht8pnQhQvCfIcl-gg,2026-03-09,2090,174111,195
UCUEOHBht8pnQhQvCfIcl-gg,2026-03-08,2090,173987,195
UCUEOHBht8pnQhQvCfIcl-gg,2026-03-07,2090,173838,195
UCUEOHBht8pnQhQvCfIcl-gg,2026-03-06,2090,173485,195
UCUEOHBht8pnQhQvCfIcl-gg,2026-03-05,2090,173283,195
UCUEOHBht8pnQhQvCfIcl-gg,2026-03-04,2080,173039,195
UCUEOHBht8pnQhQvCfIcl-gg,2026-03-03,2080,172946,195
UCUEOHBht8pnQhQvCfIcl-gg,2026-03-02,2080,172747,195
UCUEOHBht8pnQhQvCfIcl-gg,2026-03-01,2080,172688,195
UCUEOHBht8pnQhQvCfIcl-gg,2026-02-28,2080,172578,195
UCUEOHBht8pnQhQvCfIcl-gg,2026-02-27,2080,172342,195
UCUEOHBht8pnQhQvCfIcl-gg,2026-02-26,2080,172192,195
UCUEOHBht8pnQhQvCfIcl-gg,2026-02-25,2080,172057,195
UCUEOHBht8pnQhQvCfIcl-gg,2026-02-24,2070,171812,195
UCUEOHBht8pnQhQvCfIcl-gg,2026-02-23,2070,171587,195
UCUEOHBht8pnQhQvCfIcl-gg,2026-02-22,2070,171524,195
UCUEOHBht8pnQhQvCfIcl-gg,2026-02-17,2060,170692,195
UCUEOHBht8pnQhQvCfIcl-gg,2026-02-16,2060,170597,195
UCUEOHBht8pnQhQvCfIcl-gg,2026-02-15,2060,170455,195
UCUEOHBht8pnQhQvCfIcl-gg,2026-02-14,2060,169848,198
