playlist_id,video_id,position,added_at
PLG7eg57L7O48,z3qYccqav_Q,0,2026-09-14 02:22:00+00:00
PLG7eg57L7O48,sGHxCf6zluo,1,2026-09-14 02:21:05+00:00
PLG7eg57L7O48,1FWsaTAHTLI,2,2026-09-10 07:31:07+00:00
PLG7eg57L7O48,jArOd_FANBE,3,2026-09-07 06:29:29+00:00
PLG7eg57L7O48,f2-ZWpREmB4,4,2026-09-06 22:28:30+00:00
PLG7eg57L7O48,hwUntjf7Z4k,5,2026-09-05 21:38:11+00:00
PLG7eg57L7O48,2hDoXOr1RHY,6,2026-09-05 21:35:22+00:00
PLG7eg57L7O48,wRIpDE3b8jk,7,2026-09-01 13:59:48+00:00
PLG7eg57L7O48,PJf8-GeF9tc,8,2026-08-27 08:46:21+00:00
PLG7eg57L7O48,OPHykPx5Px8,9,2026-08-27 06:31:45+00:00
PLHQQHxmTkGuU,SYAeXXgoGlA,0,2026-09-15 08:34:19+00:00
PLHQQHxmTkGuU,Q9NcVV4juv8,1,2026-09-15 08:11:59+00:00
PLHqP60_HwgQw,Wez4b-J_xL4,0,2026-07-04 16:59:46+00:00
PLV4oS06_KpqYMjulfvIRy6OA6XOgyLkoL,lqwMXNy0ATk,0,2026-06-28 18:12:14+00:00
PLV4oS06_KpqYMjulfvIRy6OA6XOgyLkoL,eXfqUxzE0MY,1,2026-06-28 18:42:29+00:00
PLV4oS06_KpqYMjulfvIRy6OA6XOgyLkoL,Eu2w5wSNlJI,2,2026-07-23 05:49:25+00:00
PLV4oS06_KpqYMjulfvIRy6OA6XOgyLkoL,d4-4XioffMU,3,2026-07-29 07:49:59+00:00
PLV4oS06_KpqY_vrV-qHy-bcd6SNBJfIfD,8KfTQmLyYAY,0,2026-06-23 06:43:42+00:00
PLV4oS06_KpqY_vrV-qHy-bcd6SNBJfIfD,IKRRKvhnnJ0,1,2026-08-11 11:31:24+00:00
