video_id,channel_id,title,published_at,duration_seconds,description,thumbnail_url,video_url
f2kKG_43VfI,UCUEOHBht8pnQhQvCfIcl-gg,Distinct - Curso de SQL - Cap 2.7,2026-09-24 08:37:07+00:00,1340,,https://i.ytimg.com/vi/f2kKG_43VfI/hqdefault.jpg,https://www.youtube.com/watch?v=f2kKG_43VfI
o2rdf8rEhTI,UCUEOHBht8pnQhQvCfIcl-gg,Order By y Limit - Curso de SQL - Cap 2.6,2026-09-24 07:58:24+00:00,1429,,https://i.ytimg.com/vi/o2rdf8rEhTI/hqdefault.jpg,https://www.youtube.com/watch?v=o2rdf8rEhTI
UwN0iMhqvxg,UCUEOHBht8pnQhQvCfIcl-gg,Like - Curso de SQL -  Cap 2.5,2026-09-23 09:16:36+00:00,570,https://www.angelgarciadatablog.com/curso-sql/buscar-texto-like-y-regex/,https://i.ytimg.com/vi/UwN0iMhqvxg/hqdefault.jpg,https://www.youtube.com/watch?v=UwN0iMhqvxg
SYAeXXgoGlA,UCUEOHBht8pnQhQvCfIcl-gg,Video 2  - Proyectos del 2024,2026-09-15 08:40:25+00:00,523,"Hola, bienvenido

Este es mi primer video donde deje registrado los proyectos que tenía en el año 2024. Esto lo he tenido guardado en mi laptop y no me atrevía hacerlo público, me daba temor exponer mis proyectos por miedo a que quizás no los pueda cumplir y luego sentir el dolor del fracaso.

Pero ha tenido que pasar 2 años para darme cuenta que tener los proyectos definidos te da dirección y de alguna forma te motiva a luchar por eso, porque ya lo dijiste y quieres demostrarte a ti mismo que harás todo lo que esté a tu alcance para cumplir tu palabra. 

En estos dos años, actualmente es 2026, puedo decir que al menos uno de esos proyectos sobrevivió y no se imaginan la alegría que se siente ver este recuerdo y ver que lo tenía planeado y todo lo que he hecho para que este proyecto avance.

No tengas miedo de plantear y decirle al mundo tus proyectos, pero piensa bien a qué le llamas proyecto, porque deben ser algo que realmente deseas al terminar el año y lo más importante, el proyecto debe tener un plan detrás y una serie de acciones que definan el rumbo de éxito, tal vez en un año no lo logres, tal vez si, lo importante es todo lo que luchaste para lograrlo. Porque siempre habrán situaciones que no podremos manejar, pero tu vida no se acaba en un año, sino lo lograste hoy, podrás intentarlo nuevamente, pero deséalo tanto que no te canses nunca de intentarlo. 

Recomendación: reproducir esta canción de fondo: https://open.spotify.com/intl-es/track/0THHEiD7yLQsHxAo6fmtsQ?si=2189bc353cf14d16",https://i.ytimg.com/vi/SYAeXXgoGlA/hqdefault.jpg,https://www.youtube.com/watch?v=SYAeXXgoGlA
Q9NcVV4juv8,UCUEOHBht8pnQhQvCfIcl-gg,Video 1  -  El comienzo de todo - 12 marzo 2024,2026-09-15 08:12:39+00:00,162,"Hola, bienvenido

Este es el comienzo de mi historia formalmente contada. Digo esto porque la idea de crear contenido nació en el 2020, en pandemia, con un enfoque diferente. Por suerte no borré los videos de esos años, los dejo por aquí como referencia porque es un recuerdo de cómo comencé, de cómo tomé la decisión de compartir lo que sé.

- https://youtu.be/EyWTX76Pprc
- https://youtu.be/HbNNZuwqkM4

Desde allí, cada año he venido intentando algo diferente, no me había atrevido a contarlo antes, y ahora que lo pienso me pregunto: ¿Qué cambió? ¿Por qué ahora si quiero compartir esto?

Y hoy tengo la respuesta: 'Actitud positiva' respaldado por la 'esperanza' que todo tiempo será diferente en la medida que hagamos algo diferente.

Me atrevo a publicar esto en 2024, tres años después de que lo grabé, porque vi en el camino pasaron muchas dificultades (problemas de salud, problemas económicos, inestabilidad emocional), pero también hubieron muchos momentos de alegría y una mejora constante a nivel profesional y personal. 

El saber que he pasado por todo eso en solo 2 años, me da la seguridad que pasarán cosas buenas y malas, es inevitable y grabar el proceso te ayuda a recordar bueno y aprender de lo malo.

Es por ello que comenzaremos con esta serie de videos personales, no se de dónde me veas, no sé quién eres quién esta leyendo esto, pero creéme que documentar tu vida puede generarte una satisfacción enorme de aquí algunos años, solo mantén la esperanza en lo que creas.

Yo creo en Dios y sinceramente eso es uno de los puntos más importantes a mencionar porque solo no hubiera podido lograr el equilibrio en mi vida. 

En unos años comenzaré los 30 y aquí quedará documentado una parte de mi historia. La historia que quiero contar, la que quiero recordar.

Hay una frase que algún día leí en el libro personal de alguien: 'La vida es Amarilla' , leelo lento y lo entenderás.


Recomendación: reproducir esta canción de fondo: https://open.spotify.com/intl-es/track/2GAaraH2pHHXi3fvlTWDW6?si=4e7d75de04504636",https://i.ytimg.com/vi/Q9NcVV4juv8/hqdefault.jpg,https://www.youtube.com/watch?v=Q9NcVV4juv8
sGHxCf6zluo,UCUEOHBht8pnQhQvCfIcl-gg,Nulos en SQL - Curso SQL - Cap 2.4,2026-09-14 02:49:56+00:00,1436,,https://i.ytimg.com/vi/sGHxCf6zluo/hqdefault.jpg,https://www.youtube.com/watch?v=sGHxCf6zluo
z3qYccqav_Q,UCUEOHBht8pnQhQvCfIcl-gg,Coalesce y IFNULL - Curso SQL - Cap 2.3,2026-09-14 02:27:43+00:00,1017,,https://i.ytimg.com/vi/z3qYccqav_Q/hqdefault.jpg,https://www.youtube.com/watch?v=z3qYccqav_Q
1FWsaTAHTLI,UCUEOHBht8pnQhQvCfIcl-gg,WHERE - Curso de SQL -  Cap 2.3,2026-09-10 06:39:29+00:00,1214,https://www.angelgarciadatablog.com/curso-sql/where-y-operadores/,https://i.ytimg.com/vi/1FWsaTAHTLI/hqdefault.jpg,https://www.youtube.com/watch?v=1FWsaTAHTLI
jArOd_FANBE,UCUEOHBht8pnQhQvCfIcl-gg,Clausulas basicas SQL - SELECT - FROM - WHERE - GROUP BY - HAVING - ORDER BY - Curso SQL - Cap 2.2,2026-09-07 06:37:41+00:00,1058,https://www.angelgarciadatablog.com/curso-sql/orden-logico-de-ejecucion/,https://i.ytimg.com/vi/jArOd_FANBE/hqdefault.jpg,https://www.youtube.com/watch?v=jArOd_FANBE
f2-ZWpREmB4,UCUEOHBht8pnQhQvCfIcl-gg,SELECT y FROM - Curso SQL - Cap 2.1,2026-09-07 06:37:19+00:00,1289,https://www.angelgarciadatablog.com/curso-sql/select-y-from/,https://i.ytimg.com/vi/f2-ZWpREmB4/hqdefault.jpg,https://www.youtube.com/watch?v=f2-ZWpREmB4
hwUntjf7Z4k,UCUEOHBht8pnQhQvCfIcl-gg,Leer esquema desconocido - Curso SQL -  Cap 1.5,2026-09-05 21:46:38+00:00,1400,https://www.angelgarciadatablog.com/curso-sql/leer-un-esquema-desconocido/,https://i.ytimg.com/vi/hwUntjf7Z4k/hqdefault.jpg,https://www.youtube.com/watch?v=hwUntjf7Z4k
2hDoXOr1RHY,UCUEOHBht8pnQhQvCfIcl-gg,Relación muchos a muchos - Curso SQL -  Cap 1.4,2026-09-05 21:45:35+00:00,1428,https://www.angelgarciadatablog.com/curso-sql/muchos-a-muchos-y-tablas-puente/,https://i.ytimg.com/vi/2hDoXOr1RHY/hqdefault.jpg,https://www.youtube.com/watch?v=2hDoXOr1RHY
wRIpDE3b8jk,UCUEOHBht8pnQhQvCfIcl-gg,¿Qué es una base de datos relacional? - Curso SQL - Cap 1.3,2026-09-01 14:23:14+00:00,1176,https://www.angelgarciadatablog.com/curso-sql/que-es-una-base-de-datos-relacional/,https://i.ytimg.com/vi/wRIpDE3b8jk/hqdefault.jpg,https://www.youtube.com/watch?v=wRIpDE3b8jk
PJf8-GeF9tc,UCUEOHBht8pnQhQvCfIcl-gg,Primera vez usando DBeaver - Curso SQL -  Cap 1.2,2026-08-27 09:16:06+00:00,1546,https://www.angelgarciadatablog.com/curso-sql/conectarse-y-explorar/,https://i.ytimg.com/vi/PJf8-GeF9tc/hqdefault.jpg,https://www.youtube.com/watch?v=PJf8-GeF9tc
OPHykPx5Px8,UCUEOHBht8pnQhQvCfIcl-gg,Conectarte a una base de datos - Curso de SQL - Cap 1.1,2026-08-26 14:31:19+00:00,551,https://www.angelgarciadatablog.com/curso-sql/conectarse-y-explorar/,https://i.ytimg.com/vi/OPHykPx5Px8/hqdefault.jpg,https://www.youtube.com/watch?v=OPHykPx5Px8
